<?xml version="1.0" encoding="utf-8" standalone="yes"?>
  <Assembly_settings_for_Vilani.MatrixVision.exe>
    <AssemblyName>Vilani.MatrixVision.exe</AssemblyName>
    <SettingsFilePath>D:\VilaniRepositary\Technical\SourceCode\branches\trunk\Vilani.MatrixVision\Vilani.MatrixVision\bin\Debug\ObfuscationSettings.xml</SettingsFilePath>
    <SourcePath>D:\VilaniRepositary\Technical\SourceCode\branches\trunk\Vilani.MatrixVision\Vilani.MatrixVision\bin\Debug\</SourcePath>
    <OutputPath>D:\VilaniRepositary\Technical\SourceCode\branches\trunk\Vilani.MatrixVision\Vilani.MatrixVision\bin\Debug\Vilani.MatrixVision.exe</OutputPath>
    <Path_to_key></Path_to_key>
    <Key_Password></Key_Password>
    <All_Private>1</All_Private>
    <PrivateClasses>1</PrivateClasses>
    <PrivateMethods>1</PrivateMethods>
    <PrivateFields>1</PrivateFields>
    <Naming_method>0</Naming_method>
    <Apply_PublicMembers>0</Apply_PublicMembers>
    <Conceal_Strings>0</Conceal_Strings>
    <CryptographyApplied>0</CryptographyApplied>
    <Apply_ControlFlow>1</Apply_ControlFlow>
    <Apply_Linkage>1</Apply_Linkage>
    <Obfuscate_Locals>0</Obfuscate_Locals>
    <Strings_for_Public>0</Strings_for_Public>
    <Strings_for_Private>0</Strings_for_Private>
    <PublicClasses>0</PublicClasses>
    <PublicMethods>0</PublicMethods>
    <PublicFields>0</PublicFields>
    <PublicProperties>0</PublicProperties>
    <PublicEvents>0</PublicEvents>
    <PublicClasses_for_Privates>0</PublicClasses_for_Privates>
    <PublicMethods_for_Privates>0</PublicMethods_for_Privates>
    <PublicFields_for_Privates>0</PublicFields_for_Privates>
    <PublicProperties_for_Privates>0</PublicProperties_for_Privates>
    <PublicEvents_for_Privates>0</PublicEvents_for_Privates>
    <ControlFlow_for_Public>1</ControlFlow_for_Public>
    <ControlFlow_for_Private>1</ControlFlow_for_Private>
    <Public_members>
    </Public_members>
    <Strings>
    </Strings>
    <ControlFlow>
      <ControlFlowAlgorithm>Light</ControlFlowAlgorithm>
      <ControlFlowMethods>
Vilani.MatrixVision.Common.DirectorFileHelper1^CreateCaputredImageFolder
Vilani.MatrixVision.Common.DirectorFileHelper1^CreateReferenceImageFolder
Vilani.MatrixVision.Common.DirectorFileHelper1^GetCapturedImageFilePath
Vilani.MatrixVision.Common.DirectorFileHelper1^GetCapturedImageFolderPath
Vilani.MatrixVision.Common.DirectorFileHelper1^GetReferenceImageFilePath
Vilani.MatrixVision.Common.DirectorFileHelper1^GetReferenceImageFolderPath
Vilani.MatrixVision.Common.DirectorFileHelper1^SaveReferenceImage
Vilani.MatrixVision.Common.DirectorFileHelper1^SaveReferenceImage
Vilani.MatrixVision.Common.GlobalSettings1^.cctor
Vilani.MatrixVision.Common.GlobalSettings1^CurrentCameraCapturedImage
Vilani.MatrixVision.Common.GlobalSettings1^get_CurrentCameraCapturedImage
Vilani.MatrixVision.Common.GlobalSettings1^set_CurrentCameraCapturedImage
Vilani.MatrixVision.Common.GlobalSettings1^GlobalVar
Vilani.MatrixVision.Common.GlobalSettings1^get_GlobalVar
Vilani.MatrixVision.Common.GlobalSettings1^set_GlobalVar
Vilani.MatrixVision.Common.GlobalSettings1^ShowReactanglesOnSourceImage
Vilani.MatrixVision.Common.GlobalSettings1^get_ShowReactanglesOnSourceImage
Vilani.MatrixVision.Common.GlobalSettings1^set_ShowReactanglesOnSourceImage
Vilani.MatrixVision.Common.VilaniHelpers1^CheckInternet
Vilani.MatrixVision.Core.BlueFoxCamera1^.ctor
Vilani.MatrixVision.Core.BlueFoxCamera1^GetDeviceFromUserInput
Vilani.MatrixVision.Core.CameraThread1^.ctor
Vilani.MatrixVision.Core.CameraThread1^.ctor
Vilani.MatrixVision.Core.CameraThread1^Dispose
Vilani.MatrixVision.Core.CameraThread1^StartCapturing
Vilani.MatrixVision.Core.CameraThread1^terminate
Vilani.MatrixVision.Core.CameraThread1^UpdateLiveImage
Vilani.MatrixVision.Core.CameraThread1^add_UpdateLiveImage
Vilani.MatrixVision.Core.CameraThread1^remove_UpdateLiveImage
Vilani.MatrixVision.Core.LicenseValidator1^.cctor
Vilani.MatrixVision.Core.LicenseValidator1^.ctor
Vilani.MatrixVision.Core.LicenseValidator1^Decrypt
Vilani.MatrixVision.Core.LicenseValidator1^Encrypt
Vilani.MatrixVision.Core.LicenseValidator1^ValidateLicenseKey
Vilani.MatrixVision.Core.MatrixBlueFoxCamera1^.cctor
Vilani.MatrixVision.Core.MatrixBlueFoxCamera1^.ctor
Vilani.MatrixVision.Core.MatrixBlueFoxCamera1^AbortThreads
Vilani.MatrixVision.Core.MatrixBlueFoxCamera1^Dispose
Vilani.MatrixVision.Core.MatrixBlueFoxCamera1^ExceptionRaised
Vilani.MatrixVision.Core.MatrixBlueFoxCamera1^add_ExceptionRaised
Vilani.MatrixVision.Core.MatrixBlueFoxCamera1^remove_ExceptionRaised
Vilani.MatrixVision.Core.MatrixBlueFoxCamera1^getDeviceFromUserInput
Vilani.MatrixVision.Core.MatrixBlueFoxCamera1^ImageSaved
Vilani.MatrixVision.Core.MatrixBlueFoxCamera1^add_ImageSaved
Vilani.MatrixVision.Core.MatrixBlueFoxCamera1^remove_ImageSaved
Vilani.MatrixVision.Core.MatrixBlueFoxCamera1^InitializeCamera
Vilani.MatrixVision.Core.MatrixBlueFoxCamera1^liveCamThread_ImageSavedNotification
Vilani.MatrixVision.Core.MatrixBlueFoxCamera1^liveCamThread_ManualTriggerEvent
Vilani.MatrixVision.Core.MatrixBlueFoxCamera1^liveCamThread_ModelReceivedNotification
Vilani.MatrixVision.Core.MatrixBlueFoxCamera1^liveCamThread_NotifyException
Vilani.MatrixVision.Core.MatrixBlueFoxCamera1^liveCamThread_PatternDetected
Vilani.MatrixVision.Core.MatrixBlueFoxCamera1^liveCamThread_UpdateLiveImage
Vilani.MatrixVision.Core.MatrixBlueFoxCamera1^ManualTriggerEvent
Vilani.MatrixVision.Core.MatrixBlueFoxCamera1^add_ManualTriggerEvent
Vilani.MatrixVision.Core.MatrixBlueFoxCamera1^remove_ManualTriggerEvent
Vilani.MatrixVision.Core.MatrixBlueFoxCamera1^ModelReceivedNotification
Vilani.MatrixVision.Core.MatrixBlueFoxCamera1^add_ModelReceivedNotification
Vilani.MatrixVision.Core.MatrixBlueFoxCamera1^remove_ModelReceivedNotification
Vilani.MatrixVision.Core.MatrixBlueFoxCamera1^PatternMatchDetected
Vilani.MatrixVision.Core.MatrixBlueFoxCamera1^add_PatternMatchDetected
Vilani.MatrixVision.Core.MatrixBlueFoxCamera1^remove_PatternMatchDetected
Vilani.MatrixVision.Core.MatrixBlueFoxCamera1^SetFolderPaths
Vilani.MatrixVision.Core.MatrixBlueFoxCamera1^SetModelsData
Vilani.MatrixVision.Core.MatrixBlueFoxCamera1^SetSerialPort
Vilani.MatrixVision.Core.MatrixBlueFoxCamera1^SetSoftwareTrigger
Vilani.MatrixVision.Core.MatrixBlueFoxCamera1^StartCamera
Vilani.MatrixVision.Core.MatrixBlueFoxCamera1^StopCamera
Vilani.MatrixVision.Core.MatrixBlueFoxCamera1^StopSoftwareTrigger
Vilani.MatrixVision.Core.MatrixBlueFoxCamera1^UpdateLiveImage
Vilani.MatrixVision.Core.MatrixBlueFoxCamera1^add_UpdateLiveImage
Vilani.MatrixVision.Core.MatrixBlueFoxCamera1^remove_UpdateLiveImage
Vilani.MatrixVision.Core.SafeDataGridView1^.ctor
Vilani.MatrixVision.Core.SafeDataGridView1^OnPaint
Vilani.MatrixVision.Core.SerialKeyGenrator1^.ctor
Vilani.MatrixVision.Core.SerialKeyGenrator1^Architecture
Vilani.MatrixVision.Core.SerialKeyGenrator1^get_Architecture
Vilani.MatrixVision.Core.SerialKeyGenrator1^set_Architecture
Vilani.MatrixVision.Core.SerialKeyGenrator1^Caption
Vilani.MatrixVision.Core.SerialKeyGenrator1^get_Caption
Vilani.MatrixVision.Core.SerialKeyGenrator1^set_Caption
Vilani.MatrixVision.Core.SerialKeyGenrator1^Family
Vilani.MatrixVision.Core.SerialKeyGenrator1^get_Family
Vilani.MatrixVision.Core.SerialKeyGenrator1^set_Family
Vilani.MatrixVision.Core.SerialKeyGenrator1^GetSerialKey
Vilani.MatrixVision.Core.SerialKeyGenrator1^IsSerialKeyValid
Vilani.MatrixVision.Core.SerialKeyGenrator1^ProcessorID
Vilani.MatrixVision.Core.SerialKeyGenrator1^get_ProcessorID
Vilani.MatrixVision.Core.SerialKeyGenrator1^set_ProcessorID
Vilani.MatrixVision.Core.SerialKeyGenrator1^VolumeSerialNumber
Vilani.MatrixVision.Core.SerialKeyGenrator1^get_VolumeSerialNumber
Vilani.MatrixVision.Core.SerialKeyGenrator1^set_VolumeSerialNumber
Vilani.MatrixVision.Core.StartupSettings1^.cctor
Vilani.MatrixVision.Core.StartupSettings1^.ctor
Vilani.MatrixVision.Core.StartupSettings1^LoadSettings
Vilani.MatrixVision.Core.VisionCameraThread1^.cctor
Vilani.MatrixVision.Core.VisionCameraThread1^.ctor
Vilani.MatrixVision.Core.VisionCameraThread1^CameraThread_NotifyException
Vilani.MatrixVision.Core.VisionCameraThread1^EnqnueLocalImagesForTesting
Vilani.MatrixVision.Core.VisionCameraThread1^ExtractImage
Vilani.MatrixVision.Core.VisionCameraThread1^GetRectangle
Vilani.MatrixVision.Core.VisionCameraThread1^ImageSavedNotification
Vilani.MatrixVision.Core.VisionCameraThread1^add_ImageSavedNotification
Vilani.MatrixVision.Core.VisionCameraThread1^remove_ImageSavedNotification
Vilani.MatrixVision.Core.VisionCameraThread1^ManualTriggerEvent
Vilani.MatrixVision.Core.VisionCameraThread1^add_ManualTriggerEvent
Vilani.MatrixVision.Core.VisionCameraThread1^remove_ManualTriggerEvent
Vilani.MatrixVision.Core.VisionCameraThread1^ModelReceivedNotification
Vilani.MatrixVision.Core.VisionCameraThread1^add_ModelReceivedNotification
Vilani.MatrixVision.Core.VisionCameraThread1^remove_ModelReceivedNotification
Vilani.MatrixVision.Core.VisionCameraThread1^NotifyException
Vilani.MatrixVision.Core.VisionCameraThread1^add_NotifyException
Vilani.MatrixVision.Core.VisionCameraThread1^remove_NotifyException
Vilani.MatrixVision.Core.VisionCameraThread1^PatternDetected
Vilani.MatrixVision.Core.VisionCameraThread1^add_PatternDetected
Vilani.MatrixVision.Core.VisionCameraThread1^remove_PatternDetected
Vilani.MatrixVision.Core.VisionCameraThread1^SetSerialPort
Vilani.MatrixVision.Core.VisionCameraThread1^SetSoftwareTrigger
Vilani.MatrixVision.Core.VisionCameraThread1^StartDiMonitor
Vilani.MatrixVision.Core.VisionCameraThread1^StartLiveAcuireCamera
Vilani.MatrixVision.Core.VisionCameraThread1^StartPatternMatch
Vilani.MatrixVision.Core.VisionCameraThread1^StartSerialMonitor
Vilani.MatrixVision.Core.VisionCameraThread1^StartSoftwareTriggerMonitor
Vilani.MatrixVision.Core.VisionCameraThread1^StopCamera
Vilani.MatrixVision.Core.VisionCameraThread1^StopSoftwareTrigger
Vilani.MatrixVision.Core.VisionCameraThread1^UpdateLiveImage
Vilani.MatrixVision.Core.VisionCameraThread1^add_UpdateLiveImage
Vilani.MatrixVision.Core.VisionCameraThread1^remove_UpdateLiveImage
Vilani.MatrixVision.Core.VisionConstants1^.cctor
Vilani.MatrixVision.Core.VisionConstants1^.ctor
Vilani.MatrixVision.CreateReferenceImage1^.ctor
Vilani.MatrixVision.CreateReferenceImage1^.ctor
Vilani.MatrixVision.CreateReferenceImage1^_ModelID
Vilani.MatrixVision.CreateReferenceImage1^get__ModelID
Vilani.MatrixVision.CreateReferenceImage1^set__ModelID
Vilani.MatrixVision.CreateReferenceImage1^_ModelName
Vilani.MatrixVision.CreateReferenceImage1^get__ModelName
Vilani.MatrixVision.CreateReferenceImage1^set__ModelName
Vilani.MatrixVision.CreateReferenceImage1^btnCreateImage_Click
Vilani.MatrixVision.CreateReferenceImage1^btnSaveReferenceImage_Click
Vilani.MatrixVision.CreateReferenceImage1^btnSelectScanAOI_Click
Vilani.MatrixVision.CreateReferenceImage1^btnUploadImage_Click
Vilani.MatrixVision.CreateReferenceImage1^Dispose
Vilani.MatrixVision.CreateReferenceImage1^GetScore
Vilani.MatrixVision.CreateReferenceImage1^InitializeComponent
Vilani.MatrixVision.CreateReferenceImage1^numericUpDownSetScore_ValueChanged
Vilani.MatrixVision.CreateReferenceImage1^pictureBoxLive_MouseDown
Vilani.MatrixVision.CreateReferenceImage1^pictureBoxLive_MouseMove
Vilani.MatrixVision.CreateReferenceImage1^pictureBoxLive_MouseUp
Vilani.MatrixVision.CreateReferenceImage1^pictureBoxLive_Paint
Vilani.MatrixVision.CreateReferenceImage1^ProcessImage
Vilani.MatrixVision.CreateReferenceImage1^ReferenceImageAssignedEvent
Vilani.MatrixVision.CreateReferenceImage1^add_ReferenceImageAssignedEvent
Vilani.MatrixVision.CreateReferenceImage1^remove_ReferenceImageAssignedEvent
Vilani.MatrixVision.CreateReferenceImage1^resizeImage
Vilani.MatrixVision.CreateReferenceImage1^SetSaveButtonText
Vilani.MatrixVision.CreateReferenceImage1^SetSaveButtonText
Vilani.MatrixVision.CreateReferenceImage1^txtAreaOfInterest_TextChanged
Vilani.MatrixVision.CreateReferenceImage1^txtReferenceImageName_TextChanged
Vilani.MatrixVision.DataBase.DataBaseAccess1^.cctor
Vilani.MatrixVision.DataBase.DataBaseAccess1^.ctor
Vilani.MatrixVision.DataBase.DataBaseAccess1^AddModelReferenceImage
Vilani.MatrixVision.DataBase.DataBaseAccess1^AddNewModelDetails
Vilani.MatrixVision.DataBase.DataBaseAccess1^CloseDb
Vilani.MatrixVision.DataBase.DataBaseAccess1^DeleteModel
Vilani.MatrixVision.DataBase.DataBaseAccess1^DeleteReferenceImage
Vilani.MatrixVision.DataBase.DataBaseAccess1^GetAllModelsDataWithReferneceImages
Vilani.MatrixVision.DataBase.DataBaseAccess1^GetModelDetails
Vilani.MatrixVision.DataBase.DataBaseAccess1^GetModelReferenceImages
Vilani.MatrixVision.DataBase.DataBaseAccess1^GetModelsList
Vilani.MatrixVision.DataBase.DataBaseAccess1^GetModelsListDataSource
Vilani.MatrixVision.DataBase.DataBaseAccess1^GetSerialPortData
Vilani.MatrixVision.DataBase.DataBaseAccess1^GetSerialPortData
Vilani.MatrixVision.DataBase.DataBaseAccess1^GetSettings
Vilani.MatrixVision.DataBase.DataBaseAccess1^IsModelExists
Vilani.MatrixVision.DataBase.DataBaseAccess1^IsReferenceImageAlreadyExists
Vilani.MatrixVision.DataBase.DataBaseAccess1^OpenDb
Vilani.MatrixVision.DataBase.DataBaseAccess1^UpdateModelDetails
Vilani.MatrixVision.DataBase.DataBaseAccess1^UpdateModelReferenceImageScore
Vilani.MatrixVision.DataBase.DataBaseAccess1^UpdatePassword
Vilani.MatrixVision.DataBase.DataBaseAccess1^UpdateSerialPortConfiguration
Vilani.MatrixVision.DataBase.DataBaseAccess1^UpdateSerialPortConfiguration
Vilani.MatrixVision.DataBase.DataBaseAccess1^UpdateSettings
Vilani.MatrixVision.DataBase.DataBaseAccess1^ValidatePassword
Vilani.MatrixVision.Forms.AddModelName1^.ctor
Vilani.MatrixVision.Forms.AddModelName1^_errorCode
Vilani.MatrixVision.Forms.AddModelName1^get__errorCode
Vilani.MatrixVision.Forms.AddModelName1^set__errorCode
Vilani.MatrixVision.Forms.AddModelName1^btnAdd_Click
Vilani.MatrixVision.Forms.AddModelName1^btnCancel_Click
Vilani.MatrixVision.Forms.AddModelName1^Dispose
Vilani.MatrixVision.Forms.AddModelName1^InitializeComponent
Vilani.MatrixVision.Forms.AddModelName1^NewModelCreateHandlerEvent
Vilani.MatrixVision.Forms.AddModelName1^add_NewModelCreateHandlerEvent
Vilani.MatrixVision.Forms.AddModelName1^remove_NewModelCreateHandlerEvent
Vilani.MatrixVision.Forms.AddModelName1^txtModelName_TextChanged
Vilani.MatrixVision.MainContainer1^.cctor
Vilani.MatrixVision.MainContainer1^.ctor
Vilani.MatrixVision.MainContainer1^_CapturedFolderPath
Vilani.MatrixVision.MainContainer1^get__CapturedFolderPath
Vilani.MatrixVision.MainContainer1^set__CapturedFolderPath
Vilani.MatrixVision.MainContainer1^_CurrentCaputuredImagePath
Vilani.MatrixVision.MainContainer1^get__CurrentCaputuredImagePath
Vilani.MatrixVision.MainContainer1^set__CurrentCaputuredImagePath
Vilani.MatrixVision.MainContainer1^_currentModelName
Vilani.MatrixVision.MainContainer1^get__currentModelName
Vilani.MatrixVision.MainContainer1^set__currentModelName
Vilani.MatrixVision.MainContainer1^_eOut_Parity
Vilani.MatrixVision.MainContainer1^get__eOut_Parity
Vilani.MatrixVision.MainContainer1^set__eOut_Parity
Vilani.MatrixVision.MainContainer1^_eOut_StopBits
Vilani.MatrixVision.MainContainer1^get__eOut_StopBits
Vilani.MatrixVision.MainContainer1^set__eOut_StopBits
Vilani.MatrixVision.MainContainer1^_FolderPath
Vilani.MatrixVision.MainContainer1^get__FolderPath
Vilani.MatrixVision.MainContainer1^set__FolderPath
Vilani.MatrixVision.MainContainer1^_iOut_BaudRate
Vilani.MatrixVision.MainContainer1^get__iOut_BaudRate
Vilani.MatrixVision.MainContainer1^set__iOut_BaudRate
Vilani.MatrixVision.MainContainer1^_iOut_DataBits
Vilani.MatrixVision.MainContainer1^get__iOut_DataBits
Vilani.MatrixVision.MainContainer1^set__iOut_DataBits
Vilani.MatrixVision.MainContainer1^_PreviousCapturedImagePath
Vilani.MatrixVision.MainContainer1^get__PreviousCapturedImagePath
Vilani.MatrixVision.MainContainer1^set__PreviousCapturedImagePath
Vilani.MatrixVision.MainContainer1^_previousModelName
Vilani.MatrixVision.MainContainer1^get__previousModelName
Vilani.MatrixVision.MainContainer1^set__previousModelName
Vilani.MatrixVision.MainContainer1^_ReferenceFolderPath
Vilani.MatrixVision.MainContainer1^get__ReferenceFolderPath
Vilani.MatrixVision.MainContainer1^set__ReferenceFolderPath
Vilani.MatrixVision.MainContainer1^_sOut_PortName
Vilani.MatrixVision.MainContainer1^get__sOut_PortName
Vilani.MatrixVision.MainContainer1^set__sOut_PortName
Vilani.MatrixVision.MainContainer/'<>c__DisplayClass3'1^.ctor
Vilani.MatrixVision.MainContainer/'<>c__DisplayClass3'1^'<cam_ModelReceivedNotification>b__1'
Vilani.MatrixVision.MainContainer1^backgroundWorker1_DoWork
Vilani.MatrixVision.MainContainer1^backgroundWorker1_RunWorkerCompleted
Vilani.MatrixVision.MainContainer1^btnCreateReferenceImage2_Click_1
Vilani.MatrixVision.MainContainer1^btnSystemConfiguration_Click
Vilani.MatrixVision.MainContainer1^btnSystemConfiguration_Click_1
Vilani.MatrixVision.MainContainer1^btnTrigger_Click_1
Vilani.MatrixVision.MainContainer1^cam_ExceptionRaised
Vilani.MatrixVision.MainContainer1^cam_ImageSaved
Vilani.MatrixVision.MainContainer1^cam_ModelReceivedNotification
Vilani.MatrixVision.MainContainer1^cam_PatternMatchDetected
Vilani.MatrixVision.MainContainer1^cam_UpdateLiveImage
Vilani.MatrixVision.MainContainer1^createReferenceImageToolStripMenuItem_Click
Vilani.MatrixVision.MainContainer1^createReferenceToolStripMenuItem_Click
Vilani.MatrixVision.MainContainer1^Dispose
Vilani.MatrixVision.MainContainer1^GetDisplayReactangle
Vilani.MatrixVision.MainContainer1^GetInputSerialSetting
Vilani.MatrixVision.MainContainer1^GetPaintPenByImageNumber
Vilani.MatrixVision.MainContainer1^groupBoxLiveImage_Enter
Vilani.MatrixVision.MainContainer1^InitializeComponent
Vilani.MatrixVision.MainContainer1^InitializeFolderStructures
Vilani.MatrixVision.MainContainer1^IsImageAdded
Vilani.MatrixVision.MainContainer1^label4_Click
Vilani.MatrixVision.MainContainer1^linkLabelStop_LinkClicked
Vilani.MatrixVision.MainContainer1^MainContainer_FormClosed
Vilani.MatrixVision.MainContainer1^MainContainer_Shown
Vilani.MatrixVision.MainContainer1^pictureBoxCapturedImage_Paint
Vilani.MatrixVision.MainContainer1^RemoveFlowLayoutReferenceImages
Vilani.MatrixVision.MainContainer1^SendResult
Vilani.MatrixVision.MainContainer1^sErrMsg
Vilani.MatrixVision.MainContainer1^get_sErrMsg
Vilani.MatrixVision.MainContainer1^set_sErrMsg
Vilani.MatrixVision.MainContainer1^SetSerialPortStatus
Vilani.MatrixVision.MainContainer1^SetupStarupSettingsForVision
Vilani.MatrixVision.MainContainer1^StartCamera
Vilani.MatrixVision.MainContainer1^systemConfigurationsToolStripMenuItem_Click
Vilani.MatrixVision.MainContainer1^tableLayoutPanel1_Paint
Vilani.MatrixVision.MainContainer1^toolStripStatusSerialPortOFF_Click
Vilani.MatrixVision.MainContainer1^toolStripStatusSerialPortON_Click
Vilani.MatrixVision.MainContainer1^txtPLCInputValue_TextChanged_1
Vilani.MatrixVision.Models.CameraDevice1^.ctor
Vilani.MatrixVision.Models.CameraDevice1^DevicePointer
Vilani.MatrixVision.Models.CameraDevice1^get_DevicePointer
Vilani.MatrixVision.Models.CameraDevice1^set_DevicePointer
Vilani.MatrixVision.Models.CameraDevice1^WindowPointer
Vilani.MatrixVision.Models.CameraDevice1^get_WindowPointer
Vilani.MatrixVision.Models.CameraDevice1^set_WindowPointer
Vilani.MatrixVision.Models.Item1^.ctor
Vilani.MatrixVision.Models.Item1^Name
Vilani.MatrixVision.Models.Item1^get_Name
Vilani.MatrixVision.Models.Item1^set_Name
Vilani.MatrixVision.Models.Item1^ROI
Vilani.MatrixVision.Models.Item1^get_ROI
Vilani.MatrixVision.Models.Item1^set_ROI
Vilani.MatrixVision.Models.Item1^Score
Vilani.MatrixVision.Models.Item1^get_Score
Vilani.MatrixVision.Models.Item1^set_Score
Vilani.MatrixVision.Models.Item1^SequenceNumber
Vilani.MatrixVision.Models.Item1^get_SequenceNumber
Vilani.MatrixVision.Models.Item1^set_SequenceNumber
Vilani.MatrixVision.Models.Item1^Value
Vilani.MatrixVision.Models.Item1^get_Value
Vilani.MatrixVision.Models.Item1^set_Value
Vilani.MatrixVision.Models.MatchResult1^.ctor
Vilani.MatrixVision.Models.MatchResult1^Matches
Vilani.MatrixVision.Models.MatchResult1^get_Matches
Vilani.MatrixVision.Models.MatchResult1^set_Matches
Vilani.MatrixVision.Models.MatchResult1^MatchingArrayList
Vilani.MatrixVision.Models.MatchResult1^get_MatchingArrayList
Vilani.MatrixVision.Models.MatchResult1^set_MatchingArrayList
Vilani.MatrixVision.Models.Model1^.ctor
Vilani.MatrixVision.Models.Model1^ErrorCode
Vilani.MatrixVision.Models.Model1^get_ErrorCode
Vilani.MatrixVision.Models.Model1^set_ErrorCode
Vilani.MatrixVision.Models.Model1^ModelID
Vilani.MatrixVision.Models.Model1^get_ModelID
Vilani.MatrixVision.Models.Model1^set_ModelID
Vilani.MatrixVision.Models.Model1^ModelName
Vilani.MatrixVision.Models.Model1^get_ModelName
Vilani.MatrixVision.Models.Model1^set_ModelName
Vilani.MatrixVision.Models.Model1^PLCInputValue
Vilani.MatrixVision.Models.Model1^get_PLCInputValue
Vilani.MatrixVision.Models.Model1^set_PLCInputValue
Vilani.MatrixVision.Models.Model1^PLCOutoutValue
Vilani.MatrixVision.Models.Model1^get_PLCOutoutValue
Vilani.MatrixVision.Models.Model1^set_PLCOutoutValue
Vilani.MatrixVision.Models.Model1^ReferenceImageOccurancePairList
Vilani.MatrixVision.Models.Model1^get_ReferenceImageOccurancePairList
Vilani.MatrixVision.Models.Model1^set_ReferenceImageOccurancePairList
Vilani.MatrixVision.Models.Model1^ReferenceImages
Vilani.MatrixVision.Models.Model1^get_ReferenceImages
Vilani.MatrixVision.Models.Model1^set_ReferenceImages
Vilani.MatrixVision.Models.Model1^Score
Vilani.MatrixVision.Models.Model1^get_Score
Vilani.MatrixVision.Models.Model1^set_Score
Vilani.MatrixVision.Models.PatternDetails1^.ctor
Vilani.MatrixVision.Models.PatternDetails1^ModelName
Vilani.MatrixVision.Models.PatternDetails1^get_ModelName
Vilani.MatrixVision.Models.PatternDetails1^set_ModelName
Vilani.MatrixVision.Models.PatternDetails1^RefImageFiles
Vilani.MatrixVision.Models.PatternDetails1^get_RefImageFiles
Vilani.MatrixVision.Models.PatternDetails1^set_RefImageFiles
Vilani.MatrixVision.Models.PatternDetails1^Score
Vilani.MatrixVision.Models.PatternDetails1^get_Score
Vilani.MatrixVision.Models.PatternDetails1^set_Score
Vilani.MatrixVision.Models.PatternDetails1^SrcImageFile
Vilani.MatrixVision.Models.PatternDetails1^get_SrcImageFile
Vilani.MatrixVision.Models.PatternDetails1^set_SrcImageFile
Vilani.MatrixVision.Models.PatternMatch1^.ctor
Vilani.MatrixVision.Models.PatternMatch1^CheckImageOccurance
Vilani.MatrixVision.Models.PatternMatch1^sortPoints
Vilani.MatrixVision.Models.PatternResult1^.ctor
Vilani.MatrixVision.Models.PatternResult1^ActualOccurances
Vilani.MatrixVision.Models.PatternResult1^get_ActualOccurances
Vilani.MatrixVision.Models.PatternResult1^set_ActualOccurances
Vilani.MatrixVision.Models.PatternResult1^ActualScore
Vilani.MatrixVision.Models.PatternResult1^get_ActualScore
Vilani.MatrixVision.Models.PatternResult1^set_ActualScore
Vilani.MatrixVision.Models.PatternResult1^AOIRectangle
Vilani.MatrixVision.Models.PatternResult1^get_AOIRectangle
Vilani.MatrixVision.Models.PatternResult1^set_AOIRectangle
Vilani.MatrixVision.Models.PatternResult1^CapImageName
Vilani.MatrixVision.Models.PatternResult1^get_CapImageName
Vilani.MatrixVision.Models.PatternResult1^set_CapImageName
Vilani.MatrixVision.Models.PatternResult1^IsValid
Vilani.MatrixVision.Models.PatternResult1^get_IsValid
Vilani.MatrixVision.Models.PatternResult1^set_IsValid
Vilani.MatrixVision.Models.PatternResult1^RefImageName
Vilani.MatrixVision.Models.PatternResult1^get_RefImageName
Vilani.MatrixVision.Models.PatternResult1^set_RefImageName
Vilani.MatrixVision.Models.PatternResult1^SetScore
Vilani.MatrixVision.Models.PatternResult1^get_SetScore
Vilani.MatrixVision.Models.PatternResult1^set_SetScore
Vilani.MatrixVision.Models.ReferenceImageDB1^.ctor
Vilani.MatrixVision.Models.ReferenceImageDB1^ImageName
Vilani.MatrixVision.Models.ReferenceImageDB1^get_ImageName
Vilani.MatrixVision.Models.ReferenceImageDB1^set_ImageName
Vilani.MatrixVision.Models.ReferenceImageDB1^ImagePath
Vilani.MatrixVision.Models.ReferenceImageDB1^get_ImagePath
Vilani.MatrixVision.Models.ReferenceImageDB1^set_ImagePath
Vilani.MatrixVision.Models.ReferenceImageDB1^ModelID
Vilani.MatrixVision.Models.ReferenceImageDB1^get_ModelID
Vilani.MatrixVision.Models.ReferenceImageDB1^set_ModelID
Vilani.MatrixVision.Models.ReferenceImageDB1^NumberOfOccurances
Vilani.MatrixVision.Models.ReferenceImageDB1^get_NumberOfOccurances
Vilani.MatrixVision.Models.ReferenceImageDB1^set_NumberOfOccurances
Vilani.MatrixVision.Models.ReferenceImageDB1^ReferenceImageID
Vilani.MatrixVision.Models.ReferenceImageDB1^get_ReferenceImageID
Vilani.MatrixVision.Models.ReferenceImageDB1^set_ReferenceImageID
Vilani.MatrixVision.Models.ReferenceImageDB1^Score
Vilani.MatrixVision.Models.ReferenceImageDB1^get_Score
Vilani.MatrixVision.Models.ReferenceImageDB1^set_Score
Vilani.MatrixVision.Models.ResultDisplayModel1^.ctor
Vilani.MatrixVision.Models.ResultDisplayModel1^ActualScore
Vilani.MatrixVision.Models.ResultDisplayModel1^get_ActualScore
Vilani.MatrixVision.Models.ResultDisplayModel1^set_ActualScore
Vilani.MatrixVision.Models.ResultDisplayModel1^RefFileName
Vilani.MatrixVision.Models.ResultDisplayModel1^get_RefFileName
Vilani.MatrixVision.Models.ResultDisplayModel1^set_RefFileName
Vilani.MatrixVision.Models.ResultDisplayModel1^Result
Vilani.MatrixVision.Models.ResultDisplayModel1^get_Result
Vilani.MatrixVision.Models.ResultDisplayModel1^set_Result
Vilani.MatrixVision.Models.ResultDisplayModel1^SetScore
Vilani.MatrixVision.Models.ResultDisplayModel1^get_SetScore
Vilani.MatrixVision.Models.ResultDisplayModel1^set_SetScore
Vilani.MatrixVision.Models.SerialPortVision1^.ctor
Vilani.MatrixVision.Models.SerialPortVision1^BaudRate
Vilani.MatrixVision.Models.SerialPortVision1^get_BaudRate
Vilani.MatrixVision.Models.SerialPortVision1^set_BaudRate
Vilani.MatrixVision.Models.SerialPortVision1^DataBits
Vilani.MatrixVision.Models.SerialPortVision1^get_DataBits
Vilani.MatrixVision.Models.SerialPortVision1^set_DataBits
Vilani.MatrixVision.Models.SerialPortVision1^iErrCode
Vilani.MatrixVision.Models.SerialPortVision1^get_iErrCode
Vilani.MatrixVision.Models.SerialPortVision1^set_iErrCode
Vilani.MatrixVision.Models.SerialPortVision1^IsInputPort
Vilani.MatrixVision.Models.SerialPortVision1^get_IsInputPort
Vilani.MatrixVision.Models.SerialPortVision1^set_IsInputPort
Vilani.MatrixVision.Models.SerialPortVision1^NotOK
Vilani.MatrixVision.Models.SerialPortVision1^get_NotOK
Vilani.MatrixVision.Models.SerialPortVision1^set_NotOK
Vilani.MatrixVision.Models.SerialPortVision1^OK
Vilani.MatrixVision.Models.SerialPortVision1^get_OK
Vilani.MatrixVision.Models.SerialPortVision1^set_OK
Vilani.MatrixVision.Models.SerialPortVision1^Parity
Vilani.MatrixVision.Models.SerialPortVision1^get_Parity
Vilani.MatrixVision.Models.SerialPortVision1^set_Parity
Vilani.MatrixVision.Models.SerialPortVision1^PortNumber
Vilani.MatrixVision.Models.SerialPortVision1^get_PortNumber
Vilani.MatrixVision.Models.SerialPortVision1^set_PortNumber
Vilani.MatrixVision.Models.SerialPortVision1^StopBits
Vilani.MatrixVision.Models.SerialPortVision1^get_StopBits
Vilani.MatrixVision.Models.SerialPortVision1^set_StopBits
Vilani.MatrixVision.Models.Settings1^.ctor
Vilani.MatrixVision.Models.Settings1^.ctor
Vilani.MatrixVision.Models.Settings1^SettingID
Vilani.MatrixVision.Models.Settings1^get_SettingID
Vilani.MatrixVision.Models.Settings1^set_SettingID
Vilani.MatrixVision.Models.Settings1^SettingName
Vilani.MatrixVision.Models.Settings1^get_SettingName
Vilani.MatrixVision.Models.Settings1^set_SettingName
Vilani.MatrixVision.Models.Settings1^SettingValue
Vilani.MatrixVision.Models.Settings1^get_SettingValue
Vilani.MatrixVision.Models.Settings1^set_SettingValue
Vilani.MatrixVision.Models.SourceImageReactangle1^.ctor
Vilani.MatrixVision.Models.SourceImageReactangle1^Rectangle
Vilani.MatrixVision.Models.SourceImageReactangle1^get_Rectangle
Vilani.MatrixVision.Models.SourceImageReactangle1^set_Rectangle
Vilani.MatrixVision.Models.SourceImageReactangle1^SourceImagePath
Vilani.MatrixVision.Models.SourceImageReactangle1^get_SourceImagePath
Vilani.MatrixVision.Models.SourceImageReactangle1^set_SourceImagePath
Vilani.MatrixVision.Program1^Application_ThreadException
Vilani.MatrixVision.Program1^Main
Vilani.MatrixVision.Program1^ShowThreadExceptionDialog
Vilani.MatrixVision.SystemConfiguration1^.ctor
Vilani.MatrixVision.SystemConfiguration1^_CurrentModel
Vilani.MatrixVision.SystemConfiguration1^get__CurrentModel
Vilani.MatrixVision.SystemConfiguration1^set__CurrentModel
Vilani.MatrixVision.SystemConfiguration1^btnAddExisting_Click
Vilani.MatrixVision.SystemConfiguration1^btnAddModel_Click
Vilani.MatrixVision.SystemConfiguration1^btnAddReferenceImage_Click
Vilani.MatrixVision.SystemConfiguration1^btnCancel_Click
Vilani.MatrixVision.SystemConfiguration1^btnDeleteModel_Click
Vilani.MatrixVision.SystemConfiguration1^btnDeleteSelectedImages_Click
Vilani.MatrixVision.SystemConfiguration1^btnSaveChanges_Click
Vilani.MatrixVision.SystemConfiguration1^btnSaveModelConfiguration_Click
Vilani.MatrixVision.SystemConfiguration1^btnSaveOutputConfig_Click
Vilani.MatrixVision.SystemConfiguration1^btnSaveSettings_Click
Vilani.MatrixVision.SystemConfiguration1^btnSettingsClose_Click
Vilani.MatrixVision.SystemConfiguration1^comboBoxListOfModels_SelectedIndexChanged
Vilani.MatrixVision.SystemConfiguration1^Dispose
Vilani.MatrixVision.SystemConfiguration1^form_NewModelCreateHandlerEvent
Vilani.MatrixVision.SystemConfiguration1^form_ReferenceImageAssignedEvent
Vilani.MatrixVision.SystemConfiguration1^GetCurrentReferenceImage
Vilani.MatrixVision.SystemConfiguration1^GetParityDataSource
Vilani.MatrixVision.SystemConfiguration1^GetStopBitsDataSource
Vilani.MatrixVision.SystemConfiguration1^InitializeComponent
Vilani.MatrixVision.SystemConfiguration1^LoadModelDetails
Vilani.MatrixVision.SystemConfiguration1^LoadSettings
Vilani.MatrixVision.SystemConfiguration1^SaveFormUIValues
Vilani.MatrixVision.SystemConfiguration1^ShowFeedbackMessage
Vilani.MatrixVision.SystemConfiguration1^SystemConfiguration_FormClosed
Vilani.MatrixVision.SystemConfiguration1^SystemConfiguration_FormClosing
Vilani.MatrixVision.SystemConfiguration1^tabControlSystemConfiguration_Selected
Vilani.MatrixVision.SystemConfiguration1^txtModelName_TextChanged
Vilani.MatrixVision.SystemConfiguration1^txtPLCInputValue_TextChanged
Vilani.MatrixVision.SystemConfiguration1^UpdateReferenceImages
Vilani.MatrixVision.UserControls.ReferenceImage1^.ctor
Vilani.MatrixVision.UserControls.ReferenceImage1^chkSelectImage_CheckedChanged
Vilani.MatrixVision.UserControls.ReferenceImage1^CurrentReferenceImage
Vilani.MatrixVision.UserControls.ReferenceImage1^get_CurrentReferenceImage
Vilani.MatrixVision.UserControls.ReferenceImage1^set_CurrentReferenceImage
Vilani.MatrixVision.UserControls.ReferenceImage1^Dispose
Vilani.MatrixVision.UserControls.ReferenceImage1^ImageLocation
Vilani.MatrixVision.UserControls.ReferenceImage1^get_ImageLocation
Vilani.MatrixVision.UserControls.ReferenceImage1^set_ImageLocation
Vilani.MatrixVision.UserControls.ReferenceImage1^ImageName
Vilani.MatrixVision.UserControls.ReferenceImage1^get_ImageName
Vilani.MatrixVision.UserControls.ReferenceImage1^set_ImageName
Vilani.MatrixVision.UserControls.ReferenceImage1^InitializeComponent
Vilani.MatrixVision.UserControls.ReferenceImage1^IsImageSelected
Vilani.MatrixVision.UserControls.ReferenceImage1^get_IsImageSelected
Vilani.MatrixVision.UserControls.ReferenceImage1^set_IsImageSelected
Vilani.MatrixVision.UserControls.ReferenceImage1^IsImageSelectionControlVisible
Vilani.MatrixVision.UserControls.ReferenceImage1^get_IsImageSelectionControlVisible
Vilani.MatrixVision.UserControls.ReferenceImage1^set_IsImageSelectionControlVisible
Vilani.MatrixVision.UserControls.ReferenceImage1^numericUpDownScore_ValueChanged
Vilani.MatrixVision.UserControls.ReferenceImage1^NumOfOccurances
Vilani.MatrixVision.UserControls.ReferenceImage1^get_NumOfOccurances
Vilani.MatrixVision.UserControls.ReferenceImage1^set_NumOfOccurances
Vilani.MatrixVision.UserControls.ReferenceImage1^NumOfOccurancesControlEnabled
Vilani.MatrixVision.UserControls.ReferenceImage1^get_NumOfOccurancesControlEnabled
Vilani.MatrixVision.UserControls.ReferenceImage1^set_NumOfOccurancesControlEnabled
Vilani.MatrixVision.UserControls.ReferenceImage1^ReferenceImageID
Vilani.MatrixVision.UserControls.ReferenceImage1^get_ReferenceImageID
Vilani.MatrixVision.UserControls.ReferenceImage1^set_ReferenceImageID
Vilani.MatrixVision.UserControls.ReferenceImage1^Score
Vilani.MatrixVision.UserControls.ReferenceImage1^get_Score
Vilani.MatrixVision.UserControls.ReferenceImage1^set_Score
Vilani.MatrixVision.UserControls.ReferenceImage1^ScoreControlEnabled
Vilani.MatrixVision.UserControls.ReferenceImage1^get_ScoreControlEnabled
Vilani.MatrixVision.UserControls.ReferenceImage1^set_ScoreControlEnabled
Vilani.MatrixVision.UserControls.ReferenceImage1^SetControlsColor
Vilani.MatrixVision.Validation1^.ctor
Vilani.MatrixVision.Validation1^btnValidate_Click
Vilani.MatrixVision.Validation1^Dispose
Vilani.MatrixVision.Validation1^InitializeComponent
Vilani.MatrixVision.Validation1^ValidateLicense
Vilani.WindowsApp.Forms.Common.ConfirmDelete1^.ctor
Vilani.WindowsApp.Forms.Common.ConfirmDelete1^btnNo_Click
Vilani.WindowsApp.Forms.Common.ConfirmDelete1^btnYes_Click
Vilani.WindowsApp.Forms.Common.ConfirmDelete1^ConfirmDelete_Load
Vilani.WindowsApp.Forms.Common.ConfirmDelete1^DeleteID
Vilani.WindowsApp.Forms.Common.ConfirmDelete1^get_DeleteID
Vilani.WindowsApp.Forms.Common.ConfirmDelete1^set_DeleteID
Vilani.WindowsApp.Forms.Common.ConfirmDelete1^DeleteInfo
Vilani.WindowsApp.Forms.Common.ConfirmDelete1^get_DeleteInfo
Vilani.WindowsApp.Forms.Common.ConfirmDelete1^set_DeleteInfo
Vilani.WindowsApp.Forms.Common.ConfirmDelete1^Dispose
Vilani.WindowsApp.Forms.Common.ConfirmDelete1^GetForm
Vilani.WindowsApp.Forms.Common.ConfirmDelete1^get_GetForm
Vilani.WindowsApp.Forms.Common.ConfirmDelete1^InitializeComponent
Vilani.WindowsApp.Forms.Common.ConfirmDelete1^NoButtonClicked
Vilani.WindowsApp.Forms.Common.ConfirmDelete1^add_NoButtonClicked
Vilani.WindowsApp.Forms.Common.ConfirmDelete1^remove_NoButtonClicked
Vilani.WindowsApp.Forms.Common.ConfirmDelete1^YesButtonClicked
Vilani.WindowsApp.Forms.Common.ConfirmDelete1^add_YesButtonClicked
Vilani.WindowsApp.Forms.Common.ConfirmDelete1^remove_YesButtonClicked
      </ControlFlowMethods>
    </ControlFlow>
    <Extensions>
    </Extensions>
    <Linker>
mvIMPACT_NET1^6.8.0.02^bfbe350d8d8c663a3^D:\VilaniRepositary\Technical\SourceCode\branches\trunk\Vilani.MatrixVision\Vilani.MatrixVision\bin\Debug\mvIMPACT_NET.dll
log4net1^1.2.15.02^669e0ddf0bb1aa2a3^D:\VilaniRepositary\Technical\SourceCode\branches\trunk\Vilani.MatrixVision\Vilani.MatrixVision\bin\Debug\log4net.dll
    </Linker>
    <Licenser>
    </Licenser>
    <LicenseTitle>MyApplication</LicenseTitle>
    <LicenseLink>http://MyApplicationOrderPage.html</LicenseLink>
  </Assembly_settings_for_Vilani.MatrixVision.exe>
